日期,班級,座號,學號,姓名,節次,假別,登錄者
113/12/02,三年一班,8,111008,呂O彤,第1節,遲到,T058
113/12/02,三年一班,11,111011,蔡O佑,第2節,曠課,T058
113/12/02,三年一班,36,111036,高O芸,第4節,事假,T058
113/12/02,三年三班,29,111111 ,曾O翔,第7節,曠課,T031
113/12/02,三年四班,29,111152,吳O安,第2節,病假,生輔組
113/12/02,三年五班,8,111172,江O庭,第1節,事假,T012
113/12/02,三年五班,28,111192,楊O宇,第2節,事假,生輔組
113/12/03,三年一班,4,111004,江O萱,第6節,病假,T012
113/12/03,三年一班,4,111004,江O萱,第8節,事假,T027
113/12/03,三年三班,18,111100,葉O辰,第3節,病假,T012
113/12/03,三年四班,10,111133,莊O婷,第5節,公假,T058
113/12/03,三年四班,13,111136,羅O妤,第4節,病假,T031
113/12/03,三年四班,23,111146,高O婷,第6節,病假,T031
113/12/03,三年五班,17,111181,邱O彤,第6節,病假,T031
113/12/04,三年一班,15,111015,洪O恩,第6節,曠課,T012
113/12/04,三年一班,20,111020,鄭O承,第6節,事假,T058
113/12/11,三年二班,3,111044 ,郭O睿,第8節,曠課,T058
113/12/04,三年二班,23,111064,楊O安,第3節,事假,T031
113/12/04,三年三班,11,111093,張O婷,第3節,公假,T031
113/12/04,三年三班,13,111095,張O睿,第5節,公假,T027
113/12/04,三年三班,35,111117,曾O萱,第3節,事假,T027
113/12/04,三年四班,34,111157,廖O承,第6節,病假,T044
113/12/04,三年四班,34,111157,廖O承,第8節,公假,T058
113/12/04,三年五班,5,111169,羅O瑜,第3節,事假,T027
113/12/04,三年五班,12,111176,黃O庭,第6節,事假,T058
113/12/04,三年五班,35,111199 ,張O芸,第1節,遲到,T031
113/12/05,三年一班,5,111005,李O涵,第1節,遲到,T012
113/12/05,三年一班,6,111006,羅O澤,第8節,事假,T012
113/12/05,三年一班,9,111009,林O佑,第8節,事假,T044
113/12/05,三年一班,15,111015,洪O恩,第1節,遲到,T027
113/12/05,三年一班,28,111028,周O承,第5節,病假,生輔組
113/12/05,三年二班,1,111042,蘇O承,第4節,病假,生輔組
113/12/05,三年二班,18,111059,楊O翔,第3節,事假,T027
113/12/05,三年二班,31,111072,楊O婷,第3節,事假,T012
113/12/05,三年三班,28,111110,蔡O瑜,第6節,病假,T031
113/12/05,三年三班,39,111121,鄭O晴,第1節,遲到,T044
113/12/05,三年四班,31,111154,郭O萱,第1節,事假,T031
113/12/05,三年四班,36,111159,周O睿,第5節,事假,T012
113/12/05,三年五班,17,111181,邱O彤,第1節,病假,T031
113/12/05,三年五班,19,111183,張O澤,第1節,事假,T031
113/12/06,三年五班,21,111185,楊O涵,第1節,遲到,T027
113/12/09,三年一班,6,111006,羅O澤,第1節,曠課,生輔組
113/12/09,三年一班,12,111012,曾O妤,第4節,事假,T012
113/12/09,三年一班,16,111016,林O瑜,第1節,遲到,T058
113/12/09,三年二班,2,111043,廖O翔,第1節,遲到,T027
113/12/09,三年二班,3,111044,郭O睿,第6節,事假,T027
113/12/09,三年三班,36,111118,郭O承,第5節,公假,生輔組
113/12/09,三年四班,1,111124,吳O佑,第3節,曠課,T044
113/12/10,三年一班,26,111026,廖O軒,第1節,公假,生輔組
113/12/10,三年二班,3,111044,郭O睿,第4節,事假,T044
113/12/10,三年二班,35,111076,吳O承,第1節,事假,生輔組
113/12/10,三年三班,39,111121,鄭O晴,第6節,事假,生輔組
113/12/10,三年五班,3,111167,許O翔,第1節,病假,T058
113/12/10,三年五班,30,111194,劉O庭,第1節,遲到,T058
113/12/10,三年五班,33,111197,黃O彤,第2節,事假,生輔組
113/12/11,三年二班,3,111044,郭O睿,第8節,曠課,T058
113/12/11,三年二班,10,111051 ,李O澤,第5節,公假,T044
113/12/11,三年二班,29,111070,黃O翔,第3節,公假,T031
113/12/11,三年三班,33,111115,羅O晴,第4節,病假,T044
113/12/11,三年三班,33,111115,羅O晴,第6節,事假,T027
113/12/11,三年四班,1,111124,吳O佑,第4節,病假,生輔組
113/12/11,三年四班,11,111134,洪O辰,第7節,公假,T027
113/12/11,三年四班,17,111140,徐O宇,第2節,事假,生輔組
113/12/11,三年四班,24,111147,張O軒,第7節,曠課,T027
113/12/11,三年四班,29,111152 ,吳O安,第5節,病假,T031
113/12/11,三年五班,12,111176,黃O庭,第4節,事假,T031
113/12/11,三年五班,40,111204,許O彤,第1節,病假,T031
113/12/12,三年一班,28,111028,周O承,第2節,病假,生輔組
113/12/12,三年一班,38,111038,高O翔,第1節,遲到,T027
113/12/12,三年二班,14,111055,邱O涵,第1節,遲到,T058
113/12/12,三年五班,30,111194,劉O庭,第8節,事假,T058
113/12/13,三年四班,4,111127,徐O瑜,第1節,遲到,T027
113/12/13,三年四班,7,111130 ,蘇O芸,第8節,病假,T012
113/12/13,三年五班,15,111179,呂O萱,第3節,曠課,T044
113/12/16,三年一班,2,111002,張O恩,第3節,事假,T058
113/12/16,三年二班,39,111080 ,江O睿,第3節,事假,T027
113/12/16,三年三班,33,111115,羅O晴,第1節,曠課,T027
113/12/17,三年一班,5,111005,李O涵,第8節,病假,T027
113/12/17,三年二班,21,111062,張O瑜,第1節,遲到,T031
113/12/17,三年二班,32,111073,張O庭,第4節,事假,生輔組
113/12/17,三年四班,11,111134,洪O辰,第3節,曠課,T044
113/12/17,三年五班,29,111193 ,陳O涵,第8節,曠課,T031
113/12/18,三年一班,28,111028,周O承,第7節,公假,T027
113/12/18,三年二班,1,111042,蘇O承,第1節,事假,T027
113/12/18,三年三班,18,111100,葉O辰,第3節,病假,T058
113/12/18,三年三班,18,111100,葉O辰,第4節,事假,T044
113/12/18,三年三班,31,111113,莊O佑,第7節,病假,T027
113/12/18,三年三班,36,111118 ,郭O承,第1節,曠課,T031
113/12/18,三年四班,36,111159,周O睿,第5節,事假,T027
113/12/18,三年五班,17,111181,邱O彤,第8節,曠課,T031
113/12/19,三年三班,29,111111,曾O翔,第1節,遲到,T031
113/12/19,三年三班,38,111120,徐O萱,第8節,公假,生輔組
113/12/19,三年四班,16,111139,王O晴,第4節,病假,T031
113/12/19,三年四班,30,111153,蔡O安,第4節,病假,生輔組
113/12/19,三年四班,34,111157,廖O承,第8節,病假,T044
113/12/20,三年一班,12,111012,曾O妤,第7節,曠課,T027
113/12/20,三年一班,26,111026,廖O軒,第1節,遲到,T012
113/12/26,三年五班,23,111187,楊O安,第2節,曠課,生輔組
113/12/20,三年二班,12,111053,江O承,第1節,遲到,T012
113/12/20,三年二班,19,111060,吳O翔,第6節,公假,T031
113/12/20,三年三班,10,111092,曾O哲,第8節,事假,T012
113/12/20,三年三班,20,111102,鄭O庭,第4節,公假,T027
113/12/20,三年三班,29,111111,曾O翔,第1節,遲到,T027
113/12/20,三年四班,10,111133,莊O婷,第7節,公假,生輔組
113/12/20,三年四班,12,111135,羅O哲,第1節,遲到,T031
113/12/23,三年一班,9,111009 ,林O佑,第7節,事假,T044
113/12/23,三年一班,28,111028,周O承,第4節,事假,T031
113/12/23,三年四班,19,111142,蔡O晴,第6節,事假,T031
113/12/23,三年五班,16,111180 ,周O妤,第8節,公假,T044
113/12/23,三年五班,19,111183,張O澤,第5節,事假,生輔組
113/12/24,三年一班,8,111008,呂O彤,第8節,事假,生輔組
113/12/24,三年一班,38,111038,高O翔,第2節,病假,T044
113/12/24,三年二班,29,111070,黃O翔,第6節,病假,T012
113/12/24,三年五班,13,111177,陳O睿,第2節,公假,T058
113/12/24,三年五班,30,111194,劉O庭,第1節,遲到,生輔組
113/12/25,三年一班,7,111007,高O恩,第8節,病假,生輔組
113/12/25,三年一班,12,111012,曾O妤,第4節,病假,T031
113/12/25,三年二班,11,111052,鄭O妤,第8節,事假,T031
113/12/25,三年二班,14,111055,邱O涵,第5節,病假,生輔組
113/12/25,三年二班,18,111059,楊O翔,第5節,事假,T027
113/12/25,三年三班,22,111104,郭O涵,第7節,曠課,T058
113/12/25,三年四班,4,111127,徐O瑜,第8節,事假,T058
113/12/25,三年五班,30,111194,劉O庭,第4節,病假,T044
113/12/26,三年一班,28,111028 ,周O承,第1節,病假,T058
113/12/26,三年二班,4,111045,洪O承,第1節,遲到,T012
113/12/26,三年三班,24,111106,鄭O安,第3節,事假,生輔組
113/12/26,三年三班,26,111108 ,蘇O瑜,第4節,病假,T027
113/12/26,三年三班,33,111115,羅O晴,第5節,病假,生輔組
113/12/26,三年三班,36,111118,郭O承,第3節,病假,T012
113/12/26,三年三班,36,111118,郭O承,第5節,公假,T044
113/12/26,三年四班,11,111134,洪O辰,第3節,病假,T012
113/12/26,三年四班,11,111134,洪O辰,第4節,事假,T027
113/12/26,三年五班,12,111176,黃O庭,第1節,遲到,T027
113/12/26,三年五班,12,111176,黃O庭,第2節,病假,T058
113/12/26,三年五班,23,111187,楊O安,第2節,曠課,生輔組
113/12/27,三年一班,7,111007,高O恩,第1節,遲到,T027
113/12/27,三年一班,20,111020,鄭O承,第6節,病假,生輔組
113/12/27,三年二班,9,111050,陳O安,第7節,病假,生輔組
113/12/27,三年二班,29,111070,黃O翔,第5節,公假,T058
113/12/27,三年二班,29,111070,黃O翔,第8節,病假,T027
113/12/27,三年二班,39,111080,江O睿,第8節,事假,T058
113/12/27,三年二班,40,111081,蘇O軒,第6節,曠課,T044
113/12/27,三年三班,6,111088,陳O恩,第3節,病假,生輔組
113/12/27,三年三班,11,111093,張O婷,第2節,病假,T031
113/12/27,三年四班,23,111146,高O婷,第1節,遲到,生輔組
113/12/27,三年四班,37,111160,何O澤,第1節,遲到,T058
113/12/27,三年五班,15,111179,呂O萱,第2節,病假,生輔組
113/12/30,三年一班,36,111036,高O芸,第5節,曠課,T031
113/12/30,三年二班,1,111042,蘇O承,第8節,曠課,生輔組
113/12/30,三年三班,32,111114,許O晴,第8節,公假,T031
113/12/04,三年四班,34,111157,廖O承,第8節,公假,T058
113/12/30,三年四班,10,111133 ,莊O婷,第5節,事假,T058
113/12/30,三年四班,16,111139,王O晴,第6節,病假,T044
113/12/30,三年五班,13,111177,陳O睿,第7節,曠課,T058
113/12/30,三年五班,18,111182,郭O婷,第1節,遲到,T058
113/12/31,三年一班,12,111012,曾O妤,第4節,病假,T044
113/12/31,三年一班,38,111038,高O翔,第2節,病假,T012
113/12/31,三年二班,17,111058,洪O澤,第1節,公假,T027
113/12/31,三年三班,14,111096,葉O萱,第2節,公假,T012
113/12/31,三年四班,4,111127,徐O瑜,第6節,公假,T044
113/12/31,三年四班,5,111128,劉O庭,第3節,事假,T027
113/12/31,三年四班,10,111133,莊O婷,第8節,事假,T031
113/12/31,三年五班,11,111175,吳O庭,第8節,事假,T058
