學年度,學期,帳號,班級,課程學習成果_應上傳,課程學習成果_已上傳,課程學習成果_已認證,多元表現_已上傳
113,1,s111110@stu.example.edu.tw,3年3班,3,3,3,0
113,1,s111198@stu.example.edu.tw,3年5班,3,3,3,0
113,1,s111049@stu.example.edu.tw,3年2班,3,3,2,0
113,1,s111001@stu.example.edu.tw,3年1班,3,1,0,3
113,1,s111022@stu.example.edu.tw,3年1班,3,3,2,4
113,1,s111084@stu.example.edu.tw,3年3班,3,2,2,0
113,1,s111136@stu.example.edu.tw,3年4班,4,3,3,0
113,1,s111019@stu.example.edu.tw,3年1班,4,3,3,3
113,1,s111011@stu.example.edu.tw,3年1班,3,3,2,4
113,1,s111197@stu.example.edu.tw,3年5班,3,3,3,3
113,1,s111202@stu.example.edu.tw,3年5班,4,4,3,1
113,1,s111170@stu.example.edu.tw,3年5班,3,1,1,2
113,1,s111087@stu.example.edu.tw,3年3班,3,3,2,4
113,1,s111125@stu.example.edu.tw,3年4班,3,3,2,2
113,1,s111185@stu.example.edu.tw,3年5班,3,2,2,0
113,1,s111092@stu.example.edu.tw,3年3班,4,3,2,3
113,1,s111174@stu.example.edu.tw,3年5班,3,3,3,4
113,1,s111009@stu.example.edu.tw,3年1班,4,4,4,3
113,1,s111104@stu.example.edu.tw,3年3班,3,3,3,4
113,1,s111118@stu.example.edu.tw,3年3班,4,4,4,4
113,1,s111083@stu.example.edu.tw,3年3班,3,2,2,0
113,1,s111015@stu.example.edu.tw,3年1班,3,3,3,4
113,1,s111156@stu.example.edu.tw,3年4班,4,2,2,0
113,1,s111187@stu.example.edu.tw,3年5班,3,3,3,2
113,1,s111051@stu.example.edu.tw,3年2班,3,3,3,4
113,1,s111053@stu.example.edu.tw,3年2班,3,2,1,0
113,1,s111192@stu.example.edu.tw,3年5班,3,2,1,4
113,1,s111029@stu.example.edu.tw,3年1班,3,3,2,3
113,1,s111055@stu.example.edu.tw,3年2班,3,2,1,4
113,1,s111063@stu.example.edu.tw,3年2班,4,4,4,0
113,1,s111129@stu.example.edu.tw,3年4班,4,3,2,3
113,1,s111177@stu.example.edu.tw,3年5班,3,3,3,4
113,1,s111041@stu.example.edu.tw,3年1班,3,3,3,4
113,1,s111165@stu.example.edu.tw,3年5班,3,2,2,4
113,1,s111140@stu.example.edu.tw,3年4班,3,2,1,0
113,1,s111105@stu.example.edu.tw,3年3班,3,2,2,0
113,1,s111044@stu.example.edu.tw,3年2班,3,3,2,4
113,1,s111108@stu.example.edu.tw,3年3班,3,3,2,2
113,1,s111193@stu.example.edu.tw,3年5班,3,2,2,3
113,1,s111091@stu.example.edu.tw,3年3班,3,2,2,4
113,1,s111196@stu.example.edu.tw,3年5班,3,3,2,0
113,1,s111032@stu.example.edu.tw,3年1班,3,3,3,3
113,1,s111054@stu.example.edu.tw,3年2班,3,3,3,3
113,1,s111085@stu.example.edu.tw,3年3班,4,4,3,1
113,1,s111183@stu.example.edu.tw,3年5班,3,3,2,0
113,1,s111089@stu.example.edu.tw,3年3班,4,3,3,4
113,1,s111082@stu.example.edu.tw,3年2班,3,3,3,1
113,1,s111095@stu.example.edu.tw,3年3班,3,3,3,3
113,1,s111145@stu.example.edu.tw,3年4班,4,3,3,3
113,1,s111042@stu.example.edu.tw,3年2班,4,4,4,0
113,1,s111034@stu.example.edu.tw,3年1班,4,4,4,1
113,1,s111138@stu.example.edu.tw,3年4班,4,3,3,4
113,1,s111002@stu.example.edu.tw,3年1班,4,4,2,0
113,1,s111090@stu.example.edu.tw,3年3班,3,3,2,1
113,1,s111100@stu.example.edu.tw,3年3班,4,4,3,2
113,1,s111048@stu.example.edu.tw,3年2班,3,3,3,3
113,1,s111127@stu.example.edu.tw,3年4班,4,1,1,2
113,1,s111038@stu.example.edu.tw,3年1班,3,2,1,0
113,1,s111107@stu.example.edu.tw,3年3班,3,3,3,4
113,1,s111062@stu.example.edu.tw,3年2班,3,3,3,4
113,1,s111046@stu.example.edu.tw,3年2班,3,3,2,3
113,1,s111021@stu.example.edu.tw,3年1班,3,3,3,2
113,1,s111181@stu.example.edu.tw,3年5班,3,2,2,0
113,1,s111178@stu.example.edu.tw,3年5班,3,2,2,4
113,1,s111030@stu.example.edu.tw,3年1班,4,3,3,2
113,1,s111026@stu.example.edu.tw,3年1班,3,3,3,0
113,1,s111008@stu.example.edu.tw,3年1班,4,4,4,0
113,1,s111067@stu.example.edu.tw,3年2班,3,2,1,4
113,1,s111191@stu.example.edu.tw,3年5班,3,3,2,3
113,1,s111115@stu.example.edu.tw,3年3班,3,3,3,3
113,1,s111128@stu.example.edu.tw,3年4班,3,2,2,1
113,1,s111066@stu.example.edu.tw,3年2班,4,4,3,3
113,1,s111074@stu.example.edu.tw,3年2班,4,3,3,1
113,1,s111093@stu.example.edu.tw,3年3班,4,4,2,3
113,1,s111020@stu.example.edu.tw,3年1班,3,3,3,1
113,1,s111096@stu.example.edu.tw,3年3班,3,2,2,1
113,1,s111116@stu.example.edu.tw,3年3班,4,3,3,4
113,1,s111005@stu.example.edu.tw,3年1班,3,3,3,3
113,1,s111152@stu.example.edu.tw,3年4班,3,3,2,1
113,1,s111153@stu.example.edu.tw,3年4班,3,1,1,0
113,1,s111167@stu.example.edu.tw,3年5班,3,1,1,3
113,1,s111024@stu.example.edu.tw,3年1班,4,4,3,3
113,1,s111113@stu.example.edu.tw,3年3班,3,2,1,0
113,1,s111160@stu.example.edu.tw,3年4班,3,2,2,4
113,1,s111151@stu.example.edu.tw,3年4班,3,1,1,3
113,1,s111017@stu.example.edu.tw,3年1班,4,4,3,4
113,1,s111078@stu.example.edu.tw,3年2班,3,3,3,2
113,1,s111203@stu.example.edu.tw,3年5班,4,3,3,0
113,1,s111103@stu.example.edu.tw,3年3班,3,2,2,3
113,1,s111134@stu.example.edu.tw,3年4班,3,2,1,4
113,1,s111195@stu.example.edu.tw,3年5班,3,3,3,1
113,1,s111171@stu.example.edu.tw,3年5班,3,3,2,3
113,1,s111148@stu.example.edu.tw,3年4班,4,4,4,2
113,1,s111144@stu.example.edu.tw,3年4班,3,2,2,2
113,1,s111047@stu.example.edu.tw,3年2班,3,3,3,4
113,1,s111060@stu.example.edu.tw,3年2班,4,4,4,3
113,1,s111194@stu.example.edu.tw,3年5班,3,3,3,1
113,1,s111147@stu.example.edu.tw,3年4班,4,3,2,4
113,1,s111123@stu.example.edu.tw,3年3班,4,3,3,0
113,1,s111099@stu.example.edu.tw,3年3班,3,3,3,1
113,1,s111159@stu.example.edu.tw,3年4班,3,2,1,3
113,1,s111080@stu.example.edu.tw,3年2班,4,4,1,0
113,1,s111141@stu.example.edu.tw,3年4班,3,2,2,4
113,1,s111052@stu.example.edu.tw,3年2班,3,1,1,2
113,1,s111154@stu.example.edu.tw,3年4班,3,2,2,2
113,1,s111201@stu.example.edu.tw,3年5班,3,3,2,0
113,1,s111121@stu.example.edu.tw,3年3班,4,2,2,2
113,1,s111204@stu.example.edu.tw,3年5班,4,2,2,4
113,1,s111027@stu.example.edu.tw,3年1班,3,3,3,2
113,1,s111114@stu.example.edu.tw,3年3班,3,3,3,2
113,1,s111135@stu.example.edu.tw,3年4班,3,2,2,4
113,1,s111146@stu.example.edu.tw,3年4班,3,3,3,2
113,1,s111010@stu.example.edu.tw,3年1班,4,2,2,4
113,1,s111111@stu.example.edu.tw,3年3班,4,4,3,0
113,1,s111119@stu.example.edu.tw,3年3班,3,2,2,0
113,1,s111072@stu.example.edu.tw,3年2班,4,4,4,0
113,1,s111173@stu.example.edu.tw,3年5班,4,3,2,4
113,1,s111157@stu.example.edu.tw,3年4班,3,1,1,2
113,1,s111069@stu.example.edu.tw,3年2班,3,2,2,3
113,1,s111162@stu.example.edu.tw,3年4班,3,2,0,0
113,1,s111039@stu.example.edu.tw,3年1班,3,3,2,0
113,1,s111050@stu.example.edu.tw,3年2班,3,3,3,4
113,1,s111200@stu.example.edu.tw,3年5班,4,3,3,1
113,1,s111070@stu.example.edu.tw,3年2班,4,4,4,0
113,1,s111106@stu.example.edu.tw,3年3班,4,4,3,2
113,1,s111016@stu.example.edu.tw,3年1班,4,3,2,2
113,1,s111112@stu.example.edu.tw,3年3班,3,3,2,2
113,1,s111056@stu.example.edu.tw,3年2班,3,1,1,1
113,1,s111142@stu.example.edu.tw,3年4班,3,3,2,3
113,1,s111101@stu.example.edu.tw,3年3班,4,3,3,2
113,1,s111164@stu.example.edu.tw,3年4班,3,1,1,2
113,1,s111169@stu.example.edu.tw,3年5班,3,3,3,1
113,1,s111097@stu.example.edu.tw,3年3班,3,2,1,1
113,1,s111166@stu.example.edu.tw,3年5班,3,3,2,3
113,1,s111025@stu.example.edu.tw,3年1班,4,4,2,3
113,1,s111081@stu.example.edu.tw,3年2班,3,3,1,4
113,1,s111068@stu.example.edu.tw,3年2班,4,4,4,3
113,1,s111139@stu.example.edu.tw,3年4班,4,2,2,1
113,1,s111199@stu.example.edu.tw,3年5班,3,3,2,3
113,1,s111143@stu.example.edu.tw,3年4班,3,2,2,0
113,1,s111036@stu.example.edu.tw,3年1班,4,3,2,3
113,1,s111176@stu.example.edu.tw,3年5班,3,2,2,2
113,1,s111076@stu.example.edu.tw,3年2班,3,2,2,4
113,1,s111088@stu.example.edu.tw,3年3班,3,3,2,4
113,1,s111007@stu.example.edu.tw,3年1班,3,3,2,0
113,1,s111018@stu.example.edu.tw,3年1班,4,3,3,4
113,1,s111190@stu.example.edu.tw,3年5班,4,4,4,3
113,1,s111189@stu.example.edu.tw,3年5班,3,1,1,4
113,1,s111077@stu.example.edu.tw,3年2班,4,4,4,4
113,1,s111179@stu.example.edu.tw,3年5班,4,2,2,2
113,1,s111182@stu.example.edu.tw,3年5班,3,1,1,4
113,1,s111043@stu.example.edu.tw,3年2班,3,3,3,4
113,1,s111058@stu.example.edu.tw,3年2班,4,4,4,2
113,1,s111161@stu.example.edu.tw,3年4班,3,2,2,1
113,1,s111033@stu.example.edu.tw,3年1班,4,4,4,2
113,1,s111013@stu.example.edu.tw,3年1班,4,4,3,2
113,1,s111133@stu.example.edu.tw,3年4班,3,3,1,0
113,1,s111094@stu.example.edu.tw,3年3班,4,3,3,3
113,1,s111059@stu.example.edu.tw,3年2班,4,4,4,1
113,1,s111079@stu.example.edu.tw,3年2班,4,4,4,0
113,1,s111004@stu.example.edu.tw,3年1班,3,3,2,4
113,1,s111150@stu.example.edu.tw,3年4班,3,2,2,3
113,1,s111131@stu.example.edu.tw,3年4班,4,3,2,4
113,1,s111117@stu.example.edu.tw,3年3班,3,3,3,2
113,1,s111073@stu.example.edu.tw,3年2班,3,2,1,1
113,1,s111064@stu.example.edu.tw,3年2班,4,4,3,3
113,1,s111028@stu.example.edu.tw,3年1班,4,4,3,1
113,1,s111061@stu.example.edu.tw,3年2班,3,3,3,4
113,1,s111040@stu.example.edu.tw,3年1班,3,3,2,2
113,1,s111102@stu.example.edu.tw,3年3班,3,3,2,1
113,1,s111065@stu.example.edu.tw,3年2班,3,3,3,2
113,1,s111175@stu.example.edu.tw,3年5班,4,4,3,2
113,1,s111126@stu.example.edu.tw,3年4班,3,1,1,4
113,1,s111149@stu.example.edu.tw,3年4班,4,3,1,3
113,1,s111003@stu.example.edu.tw,3年1班,3,3,2,3
113,1,s111012@stu.example.edu.tw,3年1班,4,4,3,0
113,1,s111124@stu.example.edu.tw,3年4班,3,2,1,0
113,1,s111086@stu.example.edu.tw,3年3班,4,4,4,0
113,1,s111045a@stu.example.edu.tw,3年2班,4,4,4,0
113,1,s111037@stu.example.edu.tw,3年1班,4,4,4,3
113,1,s111184@stu.example.edu.tw,3年5班,3,1,0,4
113,1,s111120@stu.example.edu.tw,3年3班,4,4,4,2
113,1,s111155@stu.example.edu.tw,3年4班,3,2,2,4
113,1,s111006@stu.example.edu.tw,3年1班,3,3,3,2
113,1,s111075@stu.example.edu.tw,3年2班,4,4,3,3
113,1,s111031@stu.example.edu.tw,3年1班,3,2,2,4
113,1,s111172@stu.example.edu.tw,3年5班,3,0,0,0
113,1,s111132@stu.example.edu.tw,3年4班,4,4,1,1
113,1,s111163@stu.example.edu.tw,3年4班,4,2,2,0
113,1,s111014@stu.example.edu.tw,3年1班,3,3,2,3
113,1,s111186@stu.example.edu.tw,3年5班,3,1,0,1
113,1,s111188@stu.example.edu.tw,3年5班,3,1,1,3
113,1,s111035@stu.example.edu.tw,3年1班,3,3,1,4
113,1,s111071@stu.example.edu.tw,3年2班,3,3,3,4
113,1,s111130b@stu.example.edu.tw,3年4班,3,2,2,4
113,1,s111098@stu.example.edu.tw,3年3班,3,2,2,2
113,1,s111137@stu.example.edu.tw,3年4班,4,2,1,2
113,1,s111109@stu.example.edu.tw,3年3班,3,1,1,4
113,1,s111180@stu.example.edu.tw,3年5班,3,2,2,0
113,1,s111158@stu.example.edu.tw,3年4班,4,4,3,4
113,1,s111023@stu.example.edu.tw,3年1班,3,3,2,4
